{
    "batch_sizes": [
        10,
        11,
        12,
        13,
        14,
        15,
        16,
        17,
        18,
        19,
        20,
        21
    ],
    "inference_throughputs": [
        39940121.021687016,
        60230404.82596118,
        7437847.216812411,
        315170019.45189965,
        628164497.5105761,
        916280362.5526328,
        701452439.8206124,
        2675091637.889512,
        3031811444.4220333,
        3298341883.1314673,
        1397015610.0549483,
        3731764480.625681
    ],
    "training_throughputs": [
        18882056.846054815,
        40806789.54841416,
        80584489.37449439,
        156022007.63553014,
        277519090.44744194,
        488656667.3917513,
        619764487.7293832,
        681371067.9713802,
        789072394.0449532,
        852358494.5486013,
        868800619.2272481,
        861021710.1912228
    ]
}