{
    "batch_sizes": [
        10.0,
        11.0,
        12.0,
        13.0,
        14.0,
        15.0,
        16.0,
        17.0,
        18.0,
        19.0,
        20.0,
        21.0
    ],
    "training_throughputs": [
        1770036.79113745,
        3468657.9160828856,
        6968376.442105298,
        14175526.418817677,
        26890699.67318961,
        42313390.85620852,
        35745917.59934674,
        64342551.14000777,
        69427653.20200665,
        65823935.10402349,
        57302085.41526417,
        50095250.37384823
    ],
    "inference_throughputs": [
        9460292.17409253,
        18769004.27617891,
        36110442.85968327,
        71648756.5463447,
        120175542.31020099,
        145122235.81209025,
        298632151.120759,
        352719869.889472,
        320802692.3341683,
        248960424.4521699,
        189879038.65383977,
        156240754.5750793
    ],
    "training_time": [
        0.5951245627471697,
        0.6060155285136881,
        0.6012197966887572,
        0.6031766086219946,
        0.6225828183329949,
        0.7986794779194054,
        1.8878587010566479,
        2.0690133412168406,
        3.882837645928357,
        8.17488626426506,
        18.607894335444445,
        42.06351329446913
    ],
    "inference_time": [
        0.08151647125001504,
        0.08218459416931875,
        0.08551794127903092,
        0.08620105053388945,
        0.10594027116894722,
        0.19361969619462185,
        0.16612396793109235,
        0.2862272886074433,
        0.6375531187263604,
        1.642852175784346,
        4.243912130845425,
        10.136541853272151
    ]
}