{
    "batch_sizes": [
        10,
        11,
        12,
        13,
        14,
        15,
        16,
        17,
        18,
        19,
        20,
        21
    ],
    "inference_throughputs": [
        42036297.357542515,
        85839284.3820284,
        172744130.76933134,
        339675152.46405464,
        601216597.5999041,
        950985419.7520438,
        1235992627.3462238,
        1671200442.1785839,
        1149655606.3450513,
        1242087875.499719,
        1294976693.1587222,
        3139778496.5225096
    ],
    "training_throughputs": [
        26898323.810637902,
        47000634.32496716,
        91180342.44421938,
        154385523.19109148,
        211696398.28417036,
        259670942.41633606,
        282922210.7965889,
        295034986.07153136,
        240408233.25321233,
        217621255.7417391,
        213799798.1068763,
        284372691.587176
    ]
}