{
    "batch_sizes": [
        10.0,
        11.0,
        12.0,
        13.0,
        14.0,
        15.0,
        16.0,
        17.0,
        18.0,
        19.0,
        20.0,
        21.0
    ],
    "training_throughputs": [
        1488361.917433228,
        2934247.339879072,
        5762608.378131862,
        11532916.454937492,
        22674773.026595816,
        36868340.938677244,
        43405405.70013581,
        59223633.11067869,
        73288154.30684178,
        81318970.26868148,
        84372927.47526605,
        85982729.72216758
    ],
    "inference_throughputs": [
        6011347.380510741,
        11727991.668741979,
        23620335.51671022,
        47281215.44719992,
        92984983.84239964,
        100391613.11217442,
        129468607.38294409,
        150967949.24545488,
        162060011.2278995,
        172202996.51116216,
        181026411.76790035,
        183493478.57523817
    ],
    "training_time": [
        0.6927189318331404,
        0.7023451012373966,
        0.7143347383910748,
        0.7145443932154528,
        0.7286021244700983,
        0.8933424470307074,
        1.5139891938536425,
        2.2141221893307206,
        3.6638182810494038,
        6.603613159014969,
        12.731724887780437,
        24.993098290725417
    ],
    "inference_time": [
        0.12876049926142658,
        0.13351444023952275,
        0.1310817516133443,
        0.1308173528335894,
        0.13322599897582646,
        0.24701970821658076,
        0.3824602589567623,
        0.6572627418149805,
        1.2226260313593245,
        2.3269814641018445,
        4.433405598681805,
        8.723209943093586
    ]
}